ID,LEVEL_ID,ELEVATION,HEIGHT,THICKNESS,VOLUME
"100002","100001","0","3000","200","3.82679"
"100007","100001","0","3000","200","2.51431"
"100018","100001","0","3000","200","2.07736"
"100044","100001","0","3000","200","3.05647"