ID,LEVEL_ID,ELEVATION,HEIGHT,THICKNESS,VOLUME
"100002","100001","0","3000","200","6.82096"
"100007","100001","0","3000","200","6.406"
"100013","100001","0","3000","200","6.60495"
"100019","100001","0","3000","200","6.99697"